001_images_unsplash_com_photo-1431540015161-0bf868a2d407_w1200.jpg	https://images.unsplash.com/photo-1431540015161-0bf868a2d407?w=1200
002_images_unsplash_com_photo-1431540015161-0bf868a2d407_w800.jpg	https://images.unsplash.com/photo-1431540015161-0bf868a2d407?w=800
003_images_unsplash_com_photo-1448630360428-65456885c650_w1200.jpg	https://images.unsplash.com/photo-1448630360428-65456885c650?w=1200
004_images_unsplash_com_photo-1448630360428-65456885c650_w800.jpg	https://images.unsplash.com/photo-1448630360428-65456885c650?w=800
005_images_unsplash_com_photo-1454165804606-c3d57bc86b40_w1920.jpg	https://images.unsplash.com/photo-1454165804606-c3d57bc86b40?w=1920&h=1080&fit=crop
006_images_unsplash_com_photo-1459535653751-d571815e906b_w1920.jpg	https://images.unsplash.com/photo-1459535653751-d571815e906b?w=1920
007_images_unsplash_com_photo-1460317442991-0ec209397118_w1200.jpg	https://images.unsplash.com/photo-1460317442991-0ec209397118?w=1200
008_images_unsplash_com_photo-1460317442991-0ec209397118_w800.jpg	https://images.unsplash.com/photo-1460317442991-0ec209397118?w=800
009_images_unsplash_com_photo-1464146072230-91cabc968266_w1200.jpg	https://images.unsplash.com/photo-1464146072230-91cabc968266?w=1200
010_images_unsplash_com_photo-1464146072230-91cabc968266_w800.jpg	https://images.unsplash.com/photo-1464146072230-91cabc968266?w=800
011_images_unsplash_com_photo-1469796466635-455ede028aca_w1920.jpg	https://images.unsplash.com/photo-1469796466635-455ede028aca?w=1920&h=1080&fit=crop
012_images_unsplash_com_photo-1472224371017-08207f84aaae_w1200.jpg	https://images.unsplash.com/photo-1472224371017-08207f84aaae?w=1200
013_images_unsplash_com_photo-1472224371017-08207f84aaae_w800.jpg	https://images.unsplash.com/photo-1472224371017-08207f84aaae?w=800
014_images_unsplash_com_photo-1484154218962-a197022b5858_w1200.jpg	https://images.unsplash.com/photo-1484154218962-a197022b5858?w=1200
015_images_unsplash_com_photo-1484154218962-a197022b5858_w800.jpg	https://images.unsplash.com/photo-1484154218962-a197022b5858?w=800
016_images_unsplash_com_photo-1486406146926-c627a92ad1ab_w1920_q80.jpg	https://images.unsplash.com/photo-1486406146926-c627a92ad1ab?auto=format&fit=crop&w=1920&q=80
017_images_unsplash_com_photo-1487958449943-2429e8be8625_w1920.jpg	https://images.unsplash.com/photo-1487958449943-2429e8be8625?w=1920
018_images_unsplash_com_photo-1494526585095-c41746248156_w1200.jpg	https://images.unsplash.com/photo-1494526585095-c41746248156?w=1200
019_images_unsplash_com_photo-1494526585095-c41746248156_w800.jpg	https://images.unsplash.com/photo-1494526585095-c41746248156?w=800
020_images_unsplash_com_photo-1497366754035-f200968a6e72_w1920.jpg	https://images.unsplash.com/photo-1497366754035-f200968a6e72?w=1920
021_images_unsplash_com_photo-1499793983690-e29da59ef1c2_w1400_q80.jpg	https://images.unsplash.com/photo-1499793983690-e29da59ef1c2?auto=format&fit=crop&w=1400&q=80
022_images_unsplash_com_photo-1505693416388-ac5ce068fe85_w1200.jpg	https://images.unsplash.com/photo-1505693416388-ac5ce068fe85?w=1200
023_images_unsplash_com_photo-1505693416388-ac5ce068fe85_w800.jpg	https://images.unsplash.com/photo-1505693416388-ac5ce068fe85?w=800
024_images_unsplash_com_photo-1512918728675-ed5a9ecdebfd_w1920_q80.jpg	https://images.unsplash.com/photo-1512918728675-ed5a9ecdebfd?auto=format&fit=crop&w=1920&q=80
025_images_unsplash_com_photo-1513635269975-59663e0ac1ad_w1920.jpg	https://images.unsplash.com/photo-1513635269975-59663e0ac1ad?w=1920
026_images_unsplash_com_photo-1516321318423-f06f85e504b3_w1920.jpg	https://images.unsplash.com/photo-1516321318423-f06f85e504b3?w=1920
027_images_unsplash_com_photo-1520607162513-77705c0f0d4a_w1920.jpg	https://images.unsplash.com/photo-1520607162513-77705c0f0d4a?w=1920&h=1080&fit=crop
028_images_unsplash_com_photo-1554224155-6726b3ff858f_w1200.jpg	https://images.unsplash.com/photo-1554224155-6726b3ff858f?w=1200
029_images_unsplash_com_photo-1554224155-6726b3ff858f_w800.jpg	https://images.unsplash.com/photo-1554224155-6726b3ff858f?w=800
030_images_unsplash_com_photo-1554469384-e58fac16e23a_w1400_q80.jpg	https://images.unsplash.com/photo-1554469384-e58fac16e23a?auto=format&fit=crop&w=1400&q=80
031_images_unsplash_com_photo-1560179707-f14e90ef3623_w1400_q80.jpg	https://images.unsplash.com/photo-1560179707-f14e90ef3623?auto=format&fit=crop&w=1400&q=80
032_images_unsplash_com_photo-1560184897-ae75f418493e_w1920.jpg	https://images.unsplash.com/photo-1560184897-ae75f418493e?w=1920&h=1080&fit=crop
033_images_unsplash_com_photo-1568605114967-8130f3a36994_w1400_q80.jpg	https://images.unsplash.com/photo-1568605114967-8130f3a36994?auto=format&fit=crop&w=1400&q=80
034_images_unsplash_com_photo-1570129477492-45c003edd2be_w1200.jpg	https://images.unsplash.com/photo-1570129477492-45c003edd2be?w=1200
035_images_unsplash_com_photo-1570129477492-45c003edd2be_w800.jpg	https://images.unsplash.com/photo-1570129477492-45c003edd2be?w=800
036_images_unsplash_com_photo-1581578731548-c64695cc6952_w1920.jpg	https://images.unsplash.com/photo-1581578731548-c64695cc6952?w=1920&h=1080&fit=crop
037_images_unsplash_com_photo-1582407947304-fd86f028f716_w1400_q80.jpg	https://images.unsplash.com/photo-1582407947304-fd86f028f716?auto=format&fit=crop&w=1400&q=80
038_images_unsplash_com_photo-1600210492486-724fe5c67fb0_w1920.jpg	https://images.unsplash.com/photo-1600210492486-724fe5c67fb0?w=1920
039_images_unsplash_com_photo-1600573472592-401b489a3cdc_w1920_q80.jpg	https://images.unsplash.com/photo-1600573472592-401b489a3cdc?auto=format&fit=crop&w=1920&q=80
040_images_unsplash_com_photo-1600585154340-be6161a56a0c_w1920.jpg	https://images.unsplash.com/photo-1600585154340-be6161a56a0c?w=1920
041_images_unsplash_com_photo-1600596542815-ffad4c1539a9_w1920.jpg	https://images.unsplash.com/photo-1600596542815-ffad4c1539a9?w=1920
042_images_unsplash_com_photo-1600607687644-c7171b42498f_w1920.jpg	https://images.unsplash.com/photo-1600607687644-c7171b42498f?w=1920
043_images_unsplash_com_photo-1564013799919-ab600027ffc6_w1920.jpg	https://images.unsplash.com/photo-1564013799919-ab600027ffc6?w=1920
